{
  "latest_event": {
    "precision": 0.8,
    "recall": 1.0,
    "f1-score": 0.888888888888889,
    "support": 4,
    "confused_with": {}
  },
  "topic": {
    "precision": 1.0,
    "recall": 1.0,
    "f1-score": 1.0,
    "support": 7,
    "confused_with": {}
  },
  "micro avg": {
    "precision": 0.9166666666666666,
    "recall": 1.0,
    "f1-score": 0.9565217391304348,
    "support": 11
  },
  "macro avg": {
    "precision": 0.9,
    "recall": 1.0,
    "f1-score": 0.9444444444444444,
    "support": 11
  },
  "weighted avg": {
    "precision": 0.9272727272727272,
    "recall": 1.0,
    "f1-score": 0.9595959595959596,
    "support": 11
  },
  "accuracy": 0.9976359338061466
}