{
  "program_intake": {
    "precision": 1.0,
    "recall": 0.75,
    "f1-score": 0.8571428571428571,
    "support": 4,
    "confused_with": {}
  },
  "topic": {
    "precision": 1.0,
    "recall": 1.0,
    "f1-score": 1.0,
    "support": 7,
    "confused_with": {}
  },
  "micro avg": {
    "precision": 1.0,
    "recall": 0.9090909090909091,
    "f1-score": 0.9523809523809523,
    "support": 11
  },
  "macro avg": {
    "precision": 1.0,
    "recall": 0.875,
    "f1-score": 0.9285714285714286,
    "support": 11
  },
  "weighted avg": {
    "precision": 1.0,
    "recall": 0.9090909090909091,
    "f1-score": 0.948051948051948,
    "support": 11
  },
  "accuracy": 0.9985422740524781
}