{
  "latest_event": {
    "precision": 0.0,
    "recall": 0.0,
    "f1-score": 0.0,
    "support": 4,
    "confused_with": {}
  },
  "topic": {
    "precision": 1.0,
    "recall": 1.0,
    "f1-score": 1.0,
    "support": 7,
    "confused_with": {}
  },
  "micro avg": {
    "precision": 1.0,
    "recall": 0.6363636363636364,
    "f1-score": 0.7777777777777778,
    "support": 11
  },
  "macro avg": {
    "precision": 0.5,
    "recall": 0.5,
    "f1-score": 0.5,
    "support": 11
  },
  "weighted avg": {
    "precision": 0.6363636363636364,
    "recall": 0.6363636363636364,
    "f1-score": 0.6363636363636364,
    "support": 11
  },
  "accuracy": 0.9905437352245863
}